bpp,d1-psnr
0.10996312500000002,75.41024374999999
0.13644218749999998,76.254
0.1652396875,76.82966875000001
0.20248843750000003,77.48650312499998
0.24218437500000004,78.03185
0.274045,78.40600937499997
0.32523531250000004,78.86468125000002
