bpp,d1-psnr
0.11938281249999998,74.90730000000002
0.1453403125,75.73916562499998
0.176536875,76.40583124999999
0.21554718750000004,77.0246375
0.257753125,77.58346875
0.2902828125,77.947059375
0.3421784374999999,78.384540625
