bpp,d1-psnr
0.10872124999999999,75.68649062499999
0.1351375,76.54261874999999
0.16333375,77.13275937500003
0.2002446875,77.735078125
0.2396684375,78.23186875000002
0.27195125,78.608634375
0.323371875,79.06021249999998
