bpp,d1-psnr
0.1154140625,74.8028375
0.1405996875,75.5586375
0.17125875000000002,76.21440625
0.20887312500000002,76.896146875
0.251183125,77.47750937500003
0.283979375,77.87490312499999
0.3355653125,78.318540625
